AWB,ConsigneePostal,KiloWgt,PieceQty,CommitDate,DestLocCd,CourierRoute
7.76E+11,56100,5,1,19/9/2003,KUL,
7.76E+11,40460,4.5,1,19/9/2003,XKL,919916
7.76E+11,83000,0.5,1,19/9/2012,BTU,
7.90E+11,42000,0.5,1,19/9/2010,XKL,KAPAR+
8.12E+11,50480,0.5,1,19/9/2010,KUL,859
7.76E+11,50450,0.5,1,19/9/2010,KUL,827
7.76E+11,43300,0.5,1,19/9/2010,KUL,880
7.76E+11,64000,0.2,1,19/9/2010,MKZ,
7.76E+11,43300,0.2,1,19/9/2013,KUL,863
4.94E+11,20000,0.8,1,19/9/2013,KBR,
7.90E+11,43000,0.2,1,19/9/2013,RDN,
7.76E+11,42200,0.6,1,19/9/2013,XKL,KAPAR+
7.06E+11,47300,2.3,2,19/9/2018,XKL,MKZAC8
1.14E+11,47620,0.5,1,19/9/2012,XKL,939934
1.18E+11,64000,2,1,19/9/2010,MKZ,
7.90E+11,55000,0.5,1,19/9/2017,KUL,813+
7.76E+11,64000,11.3,1,19/9/2012,MKZ,
1.04E+11,47400,0.9,1,19/9/2017,XKL,971972
4.95E+11,47820,0.4,1,19/9/2017,XKL,979976
7.76E+11,40400,10,2,19/9/2017,XKL,921926
7.76E+11,64000,1.5,1,19/9/2011,MKZ,
7.76E+11,36000,0.5,1,19/9/2017,SZB,
1.22E+11,40150,7.5,1,19/9/2012,XKL,920922
7.76E+11,81300,3.9,1,19/9/2017,JHB,
7.76E+11,81550,4.5,1,19/9/2013,JHB,
7.90E+11,56100,0.9,1,19/9/2017,KUL,890
7.90E+11,55000,1.5,1,19/9/2017,KUL,813+
1.17E+11,50470,0.5,1,19/9/2017,KUL,850
6.42E+11,50250,2.1,1,19/9/2017,KUL,823+
7.05E+11,58000,13.9,2,19/9/2017,KUL,871
7.90E+11,47000,5,1,19/9/2013,XKL,985982
1.22E+11,40400,0.5,1,19/9/2017,XKL,921926
7.90E+11,58100,1.3,1,19/9/2017,KUL,870
4.74E+11,68000,1.4,1,19/9/2017,KUL,893
4.74E+11,84000,1.4,1,19/9/2017,MUR,
4.74E+11,84000,1.4,1,19/9/2017,MUR,
4.74E+11,48000,1.4,1,19/9/2017,XKL,RAWANG
7.90E+11,50000,3,1,19/9/2017,KUL,820
7.90E+11,47650,0.5,1,19/9/2017,XKL,927928
1.12E+11,25000,0.8,1,19/9/2017,KUA,
7.90E+11,81550,3.5,1,19/9/2017,JHB,
1.03E+11,47800,0.7,1,19/9/2017,XKL,971976
1.12E+11,50250,1.9,1,19/9/2017,KUL,823
4.67E+11,59100,0.5,1,19/9/2017,KUL,855
1.11E+11,40400,0.1,1,19/9/2013,XKL,921926
7.76E+11,50400,0.1,1,19/9/2017,KUL,813
7.90E+11,40160,0.4,1,19/9/2017,XKL,RAWANG
7.90E+11,23100,1.1,1,19/9/2018,KBR,
7.76E+11,47630,0.5,1,19/9/2012,XKL,939934
1.12E+11,68100,1.5,1,19/9/2017,KUL,849
7.76E+11,40000,0.5,1,19/9/2023,XKL,911912
8.13E+11,81100,0.5,1,19/9/2012,JHB,
7.76E+11,40400,22.7,1,19/9/2017,XKL,925928
7.27E+11,46200,16.8,1,19/9/2017,XKL,RAWANG
7.90E+11,43950,2.6,1,19/9/2018,SZB,
1.23E+11,88300,2.7,1,19/9/2018,BKI,
1.23E+11,96000,2.7,1,19/9/2019,ODN,
1.23E+11,50480,2.7,1,19/9/2017,KUL,859
1.23E+11,81100,11.3,1,19/9/2017,JHB,
1.23E+11,98000,2.7,1,19/9/2019,ODN,
1.15E+11,81400,50.8,7,19/9/2017,JHB,
7.76E+11,64000,135,9,19/9/2017,MKZ,
7.76E+11,48000,2,1,19/9/2017,XKL,RAWANG
1.14E+11,70400,1.4,1,19/9/2017,RDN,
7.76E+11,50470,2.3,1,19/9/2017,KUL,850
1.12E+11,98000,1,1,19/9/2019,ODN,
7.90E+11,63000,1.1,1,19/9/2017,XKL,969938
7.90E+11,68000,2,1,19/9/2017,KUL,814
6.77E+11,52200,5.7,1,19/9/2017,KUL,844+
7.90E+11,88400,4.9,3,19/9/2018,BKI,
7.76E+11,64000,2.7,1,19/9/2012,MKZ,
7.90E+11,47000,5.3,1,19/9/2017,XKL,985982
1.23E+11,93350,2.7,1,19/9/2018,KCH,
1.14E+11,64000,8.8,1,19/9/2017,MKZ,
1.12E+11,40460,0.4,1,19/9/2017,XKL,929928
7.90E+11,41150,5.2,1,19/9/2017,XKL,917912
7.90E+11,24300,2,1,19/9/2018,KBR,
7.90E+11,75250,2.6,1,19/9/2017,MKZ,
7.90E+11,58200,0.6,1,19/9/2017,KUL,877
7.76E+11,50480,0.5,1,19/9/2017,KUL,859
1.12E+11,46100,0.5,1,19/9/2017,KUL,865
7.76E+11,64000,2.7,1,19/9/2012,MKZ,
7.76E+11,52100,1.4,1,19/9/2017,KUL,840
7.76E+11,47610,0.2,1,19/9/2012,XKL,937934
7.90E+11,47410,2.8,1,19/9/2017,XKL,955956
1.23E+11,75250,16.8,1,19/9/2017,MKZ,
1.23E+11,55000,39,3,19/9/2017,KUL,813
1.23E+11,50490,33.6,2,19/9/2017,KUL,857
1.23E+11,40460,22.2,2,19/9/2017,XKL,925928
1.23E+11,94300,30.8,2,19/9/2019,KCH,
1.23E+11,47120,33.6,2,19/9/2017,XKL,967938
7.76E+11,64000,4.5,1,19/9/2012,MKZ,
7.90E+11,47160,5.2,4,19/9/2017,XKL,960936
7.90E+11,56000,2,2,19/9/2017,KUL,890
7.90E+11,43300,4.9,1,19/9/2017,KUL,879
7.76E+11,42920,2,1,19/9/2018,XKL,997918
6.52E+11,50490,0.2,1,19/9/2017,KUL,857
7.90E+11,40150,8.9,1,19/9/2017,XKL,920922
7.90E+11,23100,1.9,1,19/9/2018,KBR,
4.94E+11,81700,2.3,1,19/9/2017,JHB,
7.90E+11,40350,2.3,1,19/9/2017,XKL,925928
7.90E+11,43000,0.5,1,19/9/2017,RDN,
6.36E+11,64000,22.4,3,19/9/2017,MKZ,
7.76E+11,81560,9.1,1,19/9/2018,JHB,
7.76E+11,81560,9.1,1,19/9/2018,JHB,
7.90E+11,43200,0.6,1,19/9/2017,KUL,895
7.90E+11,59200,5.3,1,19/9/2017,KUL,857
7.90E+11,81100,4.2,1,19/9/2017,JHB,
4.47E+11,58200,0.3,1,19/9/2017,KUL,872
4.85E+11,47100,19.6,1,19/9/2017,XKL,965936
7.76E+11,47200,1.4,1,19/9/2017,XKL,RAWANG
7.36E+11,52200,1.3,1,19/9/2017,KUL,843
1.06E+11,40675,1.4,1,19/9/2017,XKL,915912
7.76E+11,64000,8.2,1,19/9/2012,MKZ,
1.22E+11,40000,8.7,1,19/9/2017,XKL,937934
7.90E+11,50480,0.2,1,19/9/2017,KUL,859
7.90E+11,81300,0.9,1,19/9/2017,JHB,
1.21E+11,40150,1.8,1,19/9/2017,XKL,RAWANG
7.76E+11,40150,2.7,1,19/9/2017,XKL,RAWANG
7.90E+11,40460,2.3,1,19/9/2017,XKL,925928
7.76E+11,93400,0.5,1,19/9/2018,KCH,
7.90E+11,28700,5.2,2,19/9/2018,KBR,
7.90E+11,47500,1.1,1,19/9/2017,XKL,930932
1.03E+11,47810,0.8,1,19/9/2013,XKL,977982
4.40E+11,75260,8.8,2,19/9/2017,MKZ,
7.76E+11,47600,22.2,2,19/9/2017,XKL,935934
7.76E+11,47600,6.8,1,19/9/2017,XKL,935934
7.13E+11,40150,3.2,1,19/9/2012,XKL,RAWANG
7.76E+11,40150,10,1,19/9/2017,XKL,920922
7.76E+11,68100,50.8,3,19/9/2017,KUL,849
7.90E+11,55000,0.8,1,19/9/2017,KUL,813+
7.90E+11,57000,1.9,2,19/9/2017,KUL,872
7.90E+11,50480,1,1,19/9/2017,KUL,859
7.90E+11,62654,0.1,1,19/9/2017,XKL,969938
4.47E+11,50480,0.4,1,19/9/2017,KUL,859
7.76E+11,64000,4.5,1,19/9/2012,MKZ,
4.91E+11,47301,0.5,1,19/9/2017,XKL,970972
7.90E+11,70400,1.9,1,19/9/2017,RDN,
7.90E+11,81100,5.9,3,19/9/2017,JHB,
7.76E+11,79200,5.9,1,19/9/2018,JHB,
1.20E+11,47400,5.4,1,19/9/2017,XKL,973972
4.41E+11,43650,0.1,1,19/9/2017,RDN,
7.76E+11,71800,10,1,19/9/2017,RDN,
7.90E+11,53100,1.7,1,19/9/2017,KUL,839
4.75E+11,40460,0.8,1,19/9/2017,XKL,925928
7.76E+11,43900,2.3,1,19/9/2012,MKZ,
7.76E+11,42700,4.1,4,19/9/2018,MKZ,
7.76E+11,40150,0.5,1,19/9/2017,XKL,920922
4.82E+11,47810,5.4,1,19/9/2017,XKL,980982
4.82E+11,47810,18.1,2,19/9/2017,XKL,980982
7.76E+11,64000,2.7,1,19/9/2012,MKZ,
7.76E+11,40150,4.5,1,19/9/2018,XKL,RAWANG
4.89E+11,46050,16.6,2,19/9/2017,KUL,860
4.90E+11,70300,0.2,1,19/9/2017,RDN,
7.76E+11,98000,12.2,1,19/9/2019,ODN,
1.23E+11,40000,6,1,19/9/2017,XKL,911912
1.10E+11,46200,4.5,1,19/9/2017,KUL,863
1.22E+11,47610,87.1,2,19/9/2017,XKL,935934
4.93E+11,55000,14,1,19/9/2017,KUL,814
6.79E+11,64000,1,1,19/9/2017,MKZ,
7.90E+11,40170,0.2,1,19/9/2012,XKL,KAPAR+
7.90E+11,43300,0.3,1,19/9/2017,KUL,877
7.76E+11,55100,0,1,19/9/2012,KUL,825
4.95E+11,80300,1,1,19/9/2017,JHB,
1.12E+11,59200,2.4,1,19/9/2017,KUL,851
1.12E+11,47800,2.4,1,19/9/2017,XKL,971976
7.76E+11,81700,0.2,1,19/9/2012,JHB,
7.90E+11,68100,0.5,1,19/9/2017,KUL,849
7.76E+11,68100,0.1,1,19/9/2012,KUL,
7.76E+11,93050,0.5,1,19/9/2013,KCH,
4.39E+11,40150,4.5,1,19/9/2017,XKL,911926
7.76E+11,59200,0.5,1,19/9/2012,KUL,851
1.01E+11,41050,0.6,1,19/9/2017,XKL,KAPAR+
7.91E+11,64000,3,1,19/9/2012,MKZ,
4.92E+11,57000,11.3,1,19/9/2017,KUL,879
4.92E+11,41050,12.2,1,19/9/2017,XKL,KULBK+
6.69E+11,84007,2.5,1,19/9/2017,MUR,
1.23E+11,,1.8,1,19/9/2017,XKL,970972
7.76E+11,75450,36.3,2,19/9/2017,MKZ,
7.76E+11,50088,0.5,1,19/9/2012,KUL,827
7.90E+11,46200,2.6,1,19/9/2017,KUL,863
7.90E+11,41200,0.1,1,19/9/2017,XKL,919916
4.75E+11,42700,2.7,1,19/9/2018,MKZ,
7.90E+11,42300,65.4,10,19/9/2018,SZB,
4.81E+11,40170,1.4,1,19/9/2017,XKL,KAPAR+
4.65E+11,81100,0.6,1,19/9/2017,JHB,
7.76E+11,59200,0.5,1,19/9/2012,KUL,853
4.52E+11,75350,1.8,1,19/9/2017,MKZ,
1.10E+11,50100,0.8,1,19/9/2018,KUL,823
1.18E+11,64000,0.5,1,19/9/2017,MKZ,
7.76E+11,47100,32.7,2,19/9/2012,XKL,963936
7.76E+11,50100,0.5,1,19/9/2012,KUL,823+
7.76E+11,47500,0.9,1,19/9/2017,XKL,KULBK+
7.90E+11,40400,1.8,2,19/9/2017,XKL,921926
4.68E+11,58200,5,1,19/9/2017,KUL,877
1.20E+11,46350,0.6,1,19/9/2017,KUL,863
7.76E+11,59200,0.1,1,19/9/2012,KUL,853
4.55E+11,59200,0.1,1,19/9/2012,KUL,853
7.76E+11,79200,0.5,1,19/9/2013,JHB,
7.76E+11,47100,0.5,1,19/9/2017,XKL,963936
1.13E+11,47100,1.3,1,19/9/2017,XKL,965936
1.14E+11,40460,0.5,1,19/9/2012,XKL,929928
7.76E+11,47500,0.2,1,19/9/2012,XKL,930932
7.90E+11,47301,7.7,1,19/9/2017,XKL,970972
7.90E+11,81400,1.8,1,19/9/2018,JHB,
7.76E+11,43500,0.1,1,19/9/2017,RDN,
4.39E+11,86000,6.7,1,19/9/2012,KUD,
1.16E+11,59200,0.5,1,19/9/2013,KUL,851
7.90E+11,55000,0.5,1,19/9/2017,KUL,813
8.12E+11,58100,87.1,11,19/9/2017,KUL,871
1.13E+11,59200,0.5,1,19/9/2012,KUL,853
7.91E+11,43900,10,1,19/9/2012,MKZ,
1.08E+11,50250,1.4,1,19/9/2017,KUL,827
4.68E+11,57100,0.2,1,19/9/2013,KUL,810
7.76E+11,47620,0.5,1,19/9/2013,XKL,939934
4.39E+11,40150,0.5,1,19/9/2018,XKL,RAWANG
7.76E+11,50470,2.3,1,19/9/2017,KUL,850
1.23E+11,47610,27.2,1,19/9/2012,XKL,935934
7.91E+11,43900,3,1,19/9/2012,MKZ,
4.66E+11,46050,0.1,1,19/9/2017,KUL,860
7.76E+11,40100,0.4,1,19/9/2012,XKL,911926
7.91E+11,64000,5,1,19/9/2012,MKZ,
1.14E+11,40460,0,1,19/9/2012,XKL,929928
7.90E+11,47620,0.5,1,19/9/2013,XKL,939934
8.14E+11,50200,0.3,1,19/9/2013,KUL,823
7.91E+11,64000,5,1,19/9/2012,MKZ,
7.90E+11,87000,9.8,1,19/9/2017,LBU,
7.90E+11,43000,0.1,1,19/9/2013,RDN,
4.76E+11,46150,237,30,19/9/2012,XKL,KULAAA
4.39E+11,47500,53.1,5,19/9/2017,XKL,930932
7.90E+11,41100,0.5,1,19/9/2013,XKL,993916
7.90E+11,51200,1.3,1,19/9/2013,KUL,859
7.76E+11,75450,0.5,1,19/9/2013,MKZ,
8.13E+11,50088,0.5,1,19/9/2013,KUL,827
4.63E+11,78000,1.4,1,19/9/2017,MKZ,
4.76E+11,63000,0.2,1,19/9/2013,XKL,969938
1.22E+11,86000,10.3,1,19/9/2017,KUD,
1.22E+11,81550,5.7,1,19/9/2017,JHB,
4.76E+11,81200,2.6,1,19/9/2013,JHB,
7.76E+11,40000,1,1,19/9/2013,XKL,911926
7.90E+11,57000,0,1,19/9/2013,KUL,872
7.90E+11,48050,0.3,1,19/9/2017,XKL,
4.75E+11,71800,0.1,1,19/9/2013,RDN,
4.75E+11,47000,0.5,1,19/9/2013,XKL,980982
1.21E+11,47300,63.3,3,19/9/2012,XKL,MKZAC8
7.76E+11,47100,4,1,19/9/2013,XKL,963936
7.76E+11,40300,8,1,19/9/2017,XKL,925926
4.89E+11,50088,2.6,1,19/9/2012,KUL,827
4.89E+11,50490,0.9,1,19/9/2013,KUL,857
7.76E+11,6000,1.1,1,19/9/2017,SZB,
4.81E+11,75250,27.3,2,19/9/2012,MKZ,
8.10E+11,62200,2,1,19/9/2013,XKL,969938
4.39E+11,64000,5.5,1,19/9/2012,MKZ,
7.76E+11,81300,1,1,19/9/2013,JHB,
8.12E+11,43200,0.5,1,19/9/2013,KUL,895
7.76E+11,64000,28.5,3,19/9/2017,MKZ,
7.76E+11,64000,37.5,1,19/9/2017,KUL,863
4.89E+11,47100,1.1,1,19/9/2013,XKL,965936
4.89E+11,52200,1.1,1,19/9/2013,KUL,
4.89E+11,50250,1.1,1,19/9/2013,KUL,827
4.89E+11,58100,1.1,1,19/9/2013,KUL,873
4.89E+11,47000,1.1,1,19/9/2013,XKL,KULAAA
4.89E+11,53100,1.1,1,19/9/2013,KUL,839
4.89E+11,42300,1.1,1,19/9/2017,SZB,
4.89E+11,46200,1.1,1,19/9/2013,KUL,863
7.76E+11,47301,0.5,1,19/9/2012,XKL,970972
7.76E+11,42100,14.8,3,19/9/2013,XKL,KAPAR+
8.13E+11,64000,0.8,1,19/9/2012,MKZ,
6.77E+11,79200,52,2,19/9/2017,JHB,
8.10E+11,50250,6,1,19/9/2011,KUL,
8.14E+11,43000,15.5,2,19/9/2012,RDN,
7.76E+11,81100,6,1,19/9/2017,JHB,
1.21E+11,81750,0.5,1,19/9/2013,JHB,
7.90E+11,47810,2.5,1,19/9/2013,XKL,977982
7.76E+11,40300,6,1,19/9/2013,XKL,925926
7.76E+11,57000,4.5,1,19/9/2017,KUL,879
1.07E+11,40000,1.5,1,19/9/2013,XKL,927928
7.76E+11,81300,3,1,19/9/2017,JHB,
8.13E+11,53300,0.7,1,19/9/2020,KUL,837
4.73E+11,47200,34,1,19/9/2013,XKL,KULBK+
8.11E+11,43207,2,1,19/9/2013,XKL,KULAAA
7.90E+11,43650,7,1,19/9/2017,RDN,
7.76E+11,50480,1,1,19/9/2017,KUL,859
8.12E+11,50480,0.5,1,19/9/2013,KUL,833
7.76E+11,50470,0.5,1,19/9/2012,KUL,850
7.90E+11,47301,2.9,1,19/9/2017,XKL,971972
7.90E+11,58200,0,1,19/9/2013,KUL,871
4.52E+11,26080,0.2,1,19/9/2017,KUA,
7.76E+11,75200,0.2,1,19/9/2013,MKZ,
7.76E+11,40200,46,2,19/9/2017,XKL,911926
4.58E+11,64000,54.9,8,19/9/2013,MKZ,
7.76E+11,70400,1,1,19/9/2017,RDN,
4.89E+11,47100,3.7,1,19/9/2017,XKL,965936
7.90E+11,81500,8.1,2,19/9/2017,JHB,
6.52E+11,50490,3.6,1,19/9/2017,KUL,857
7.76E+11,55100,0.5,1,19/9/2017,KUL,815
7.76E+11,60000,0.5,1,19/9/2018,XKL,979974
7.76E+11,58200,0.5,1,19/9/2017,KUL,872
7.76E+11,40150,0.5,1,19/9/2017,XKL,RAWANG
7.76E+11,70300,0.5,1,19/9/2017,RDN,
7.76E+11,68000,0.5,1,19/9/2017,KUL,814
7.76E+11,47000,0.5,1,19/9/2017,XKL,985982
7.76E+11,47301,0.5,1,19/9/2017,XKL,979976
8.14E+11,47200,3,1,19/9/2012,XKL,RAWANG
1.10E+11,46050,1.8,1,19/9/2013,KUL,860
7.90E+11,47600,18.4,1,19/9/2013,XKL,937934
7.76E+11,40460,10.8,2,19/9/2017,XKL,929928
7.90E+11,93450,4,1,19/9/2017,KCH,
8.14E+11,40000,5,1,19/9/2012,XKL,911926
8.10E+11,41050,1.6,1,19/9/2013,XKL,KAPAR+
1.21E+11,81800,0.4,1,19/9/2013,JHB,
1.09E+11,47800,1.3,1,19/9/2013,XKL,979976
7.90E+11,47200,6.8,1,19/9/2013,XKL,KULBK+
1.07E+11,45600,0.3,1,19/9/2018,SZB,
1.07E+11,40460,0.3,1,19/9/2017,XKL,925928
1.21E+11,81560,1.2,1,19/9/2017,JHB,
7.90E+11,70300,0.3,1,19/9/2017,RDN,
7.90E+11,60000,3.4,1,19/9/2017,XKL,979974
8.12E+11,50450,0.5,1,19/9/2013,KUL,827
6.72E+11,40675,0.5,1,19/9/2013,XKL,911926
7.76E+11,26080,0.4,1,19/9/2017,KUA,
7.76E+11,56100,2.5,1,19/9/2013,KUL,890
7.90E+11,47200,1.4,1,19/9/2013,XKL,KULBK+
7.90E+11,41050,7,1,19/9/2013,XKL,KULBK+
8.10E+11,47200,4.9,1,19/9/2013,XKL,RAWANG
7.76E+11,64000,47,1,19/9/2013,MKZ,
7.90E+11,47301,4.1,1,19/9/2017,XKL,955956
7.90E+11,47610,0.9,1,19/9/2017,XKL,935934
1.05E+11,40170,1,1,19/9/2013,XKL,SZBAAA
7.76E+11,50480,2.3,1,19/9/2013,KUL,859
7.76E+11,81000,25.5,2,19/9/2017,JHB,
1.21E+11,81560,2.1,1,19/9/2017,JHB,
1.21E+11,81560,1.3,1,19/9/2017,JHB,
7.76E+11,47100,20.6,8,19/9/2012,XKL,KULAAA
1.14E+11,50490,0.3,1,19/9/2017,KUL,857
1.12E+11,47100,1.7,1,19/9/2017,XKL,967938
7.90E+11,40460,1.7,1,19/9/2013,XKL,925928
7.90E+11,43300,1.6,1,19/9/2013,KUL,879
7.90E+11,56000,1.8,1,19/9/2013,KUL,893
7.76E+11,43300,0.5,1,19/9/2013,KUL,879
7.76E+11,40170,9.5,1,19/9/2013,XKL,917912
7.76E+11,47160,5,1,19/9/2013,XKL,963936
8.14E+11,57000,0.5,1,19/9/2013,KUL,879
1.11E+11,40460,2,1,19/9/2013,XKL,929928
7.76E+11,43000,2,1,19/9/2017,RDN,
7.90E+11,52100,1.1,1,19/9/2013,KUL,840
7.90E+11,47200,2.7,1,19/9/2013,XKL,KULBK+
8.14E+11,53300,2,1,19/9/2017,KUL,
8.14E+11,25000,0.6,1,19/9/2017,KUA,
8.14E+11,81700,1,1,19/9/2017,JHB,
7.76E+11,47200,22,1,19/9/2017,KUL,XKLA
1.19E+11,81200,0.8,1,19/9/2013,JHB,
7.90E+11,93200,0.5,1,19/9/2017,KCH,
7.90E+11,47200,1.4,1,19/9/2013,XKL,KULBK+
7.90E+11,47200,1.4,1,19/9/2013,XKL,KULBK+
1.03E+11,40460,0.9,1,19/9/2013,XKL,929928
7.76E+11,81560,10.4,1,19/9/2018,JHB,
7.76E+11,50490,0.2,1,19/9/2013,KUL,857
1.21E+11,81560,2.2,1,19/9/2017,JHB,
1.21E+11,81560,1.6,1,19/9/2017,JHB,
7.90E+11,43200,0.3,1,19/9/2013,KUL,895
7.76E+11,64000,0.9,1,19/9/2013,MKZ,
7.90E+11,56100,0.5,1,19/9/2013,KUL,893
4.80E+11,47810,61.7,4,19/9/2017,XKL,980982
1.12E+11,28400,0.7,1,19/9/2017,KBR,
7.90E+11,63000,0.9,1,19/9/2013,XKL,969938
1.21E+11,42920,63,4,19/9/2017,XKL,997918
7.76E+11,47301,8.1,1,19/9/2013,XKL,955956
8.15E+11,57000,1,1,19/9/2017,KUL,872+
7.76E+11,64000,3.6,1,19/9/2013,MKZ,
7.90E+11,93200,0.4,1,19/9/2017,KCH,
4.55E+11,62200,12.2,1,19/9/2013,XKL,KAAPR+
7.90E+11,42610,0.5,1,19/9/2013,XKL,999916
7.90E+11,50480,0.7,1,19/9/2013,KUL,859
7.90E+11,59200,1,1,19/9/2013,KUL,851
7.76E+11,64000,0.9,1,19/9/2013,MKZ,
4.34E+11,47400,1.3,1,19/9/2017,XKL,973972
4.79E+11,40300,11.6,4,19/9/2013,XKL,925926
7.76E+11,46200,0.5,1,19/9/2013,KUL,860
7.90E+11,47810,0.9,1,19/9/2013,XKL,979976
7.90E+11,52100,0.4,1,19/9/2013,KUL,840
7.90E+11,47000,0.4,1,19/9/2013,XKL,KULAAA
7.90E+11,50480,0.2,1,19/9/2013,KUL,859
4.67E+11,50450,1.8,1,19/9/2013,KUL,827
8.13E+11,,0.1,1,19/9/2017,LBU,
5.50E+11,47300,4.1,1,19/9/2013,XKL,970972
7.76E+11,48000,0.5,1,19/9/2013,XKL,RAWANG
7.90E+11,56000,1.4,1,19/9/2013,KUL,890
7.90E+11,40150,0.5,1,19/9/2017,XKL,920922
7.90E+11,50480,0.2,1,19/9/2013,KUL,859
7.90E+11,40200,0.1,1,19/9/2013,XKL,911912
4.90E+11,47301,0.5,1,19/9/2013,XKL,970972
7.90E+11,40150,0.5,1,19/9/2012,XKL,RAWANG
7.90E+11,50450,0.9,1,19/9/2013,KUL,827
7.90E+11,43000,1.8,1,19/9/2017,RDN,
4.86E+11,47000,10,1,19/9/2013,XKL,985982
7.76E+11,46050,0.5,1,19/9/2013,KUL,860
7.90E+11,43650,0.1,1,19/9/2013,RDN,
1.21E+11,81100,0.2,1,19/9/2013,JHB,
1.19E+11,81100,0.1,1,19/9/2013,JHB,
4.71E+11,40460,24,2,19/9/2017,XKL,919916
1.09E+11,60000,4.2,1,19/9/2013,XKL,979974
7.90E+11,47200,0.9,1,19/9/2013,XKL,KULBK+
7.90E+11,96000,0.6,1,19/9/2017,ODN,
1.15E+11,81560,0.5,1,19/9/2017,JHB,
7.90E+11,47301,0.3,1,19/9/2012,XKL,955956
1.08E+11,75350,15.6,1,19/9/2013,MKZ,
7.76E+11,63000,2.5,1,19/9/2013,XKL,969938
8.11E+11,93200,8,1,19/9/2013,KCH,
7.90E+11,40460,1.1,1,19/9/2013,XKL,929928
7.90E+11,81750,0.8,1,19/9/2013,JHB,
7.76E+11,81300,0.5,1,19/9/2013,JHB,
7.76E+11,68000,0.5,1,19/9/2017,KUL,815
7.90E+11,42500,0.5,1,19/9/2013,XKL,999916
4.96E+11,81000,0.2,1,19/9/2013,JHB,
1.14E+11,47200,10.8,1,19/9/2013,XKL,RAWANG
7.76E+11,56000,0.5,1,19/9/2013,KUL,890
7.76E+11,47100,13.6,1,19/9/2017,XKL,967938
7.90E+11,81250,0.5,1,19/9/2013,JHB,
7.90E+11,47000,0.8,1,19/9/2017,XKL,985982
7.76E+11,93150,1.4,1,19/9/2018,KCH,
7.90E+11,70400,0.5,1,19/9/2013,RDN,
1.15E+11,40150,5,1,19/9/2013,XKL,RAWANG
1.21E+11,47200,0.5,1,19/9/2013,XKL,KULBK+
7.76E+11,98008,4.1,1,19/9/2017,ODN,
7.90E+11,43200,2.1,1,19/9/2023,KUL,887
1.19E+11,25200,0.4,1,19/9/2013,KUA,
1.19E+11,88996,0.4,1,19/9/2017,BKI,
1.19E+11,50586,0.4,1,19/9/2013,KUL,831
1.19E+11,46100,0.4,1,19/9/2013,KUL,865
7.40E+11,40150,2.3,1,19/9/2017,XKL,RAWANG
7.76E+11,47100,43.5,1,19/9/2013,XKL,963936
4.96E+11,47300,0.5,1,19/9/2013,XKL,MKZAC8
7.76E+11,47800,0.2,1,19/9/2013,XKL,975976
7.76E+11,42000,1.4,1,19/9/2013,XKL,995918
7.90E+11,50480,0.3,1,19/9/2013,KUL,859
1.21E+11,79200,1593.9,9,19/9/2013,KUL,JHBA
4.62E+11,70300,1.8,1,19/9/2013,RDN,
7.90E+11,60000,1.1,1,19/9/2013,XKL,979974
6.44E+11,47820,4.1,1,19/9/2013,XKL,979976
6.35E+11,41050,2.3,1,19/9/2013,XKL,KULBK+
6.35E+11,41050,2,1,19/9/2013,XKL,KULBK+
6.69E+11,40350,250.4,1,19/9/2013,KUL,XKLA
7.90E+11,54200,0.9,1,19/9/2017,KUL,813
7.90E+11,47200,99.3,1,19/9/2013,KUL,XKLA
7.90E+11,47200,63.5,1,19/9/2013,KUL,XKLA
6.37E+11,40150,0.4,1,19/9/2013,XKL,RAWANG
1.15E+11,81800,0.5,1,19/9/2013,JHB,
1.11E+11,81100,1.4,1,19/9/2013,JHB,
7.90E+11,47810,1.8,1,19/9/2013,XKL,980982
7.90E+11,50480,0.2,1,19/9/2013,KUL,859
1.04E+11,81400,0.1,1,19/9/2013,JHB,
7.76E+11,43300,0.5,1,19/9/2013,KUL,887
1.03E+11,47100,4.1,1,19/9/2017,XKL,960936
7.76E+11,64000,3.6,1,19/9/2013,MKZ,
4.89E+11,75350,3.2,1,19/9/2013,MKZ,
7.90E+11,40150,0.5,1,19/9/2013,XKL,920922
4.83E+11,47400,0.1,1,19/9/2013,XKL,975974
7.90E+11,47301,9.5,1,19/9/2017,XKL,955956
1.23E+11,50200,0,1,19/9/2013,KUL,823
7.76E+11,55100,0.5,1,19/9/2013,KUL,811
7.76E+11,64000,1.4,1,19/9/2013,MKZ,
7.76E+11,64000,2.3,1,19/9/2013,MKZ,
7.90E+11,80200,0.9,1,19/9/2013,JHB,
4.80E+11,55100,7.4,1,19/9/2013,KUL,825
1.14E+11,43300,0.5,1,19/9/2013,KUL,879
7.76E+11,50470,2.3,1,19/9/2013,KUL,850+
7.76E+11,47400,0.5,1,19/9/2013,XKL,975974
7.90E+11,7000,1.8,1,19/9/2017,LGK,
1.22E+11,47200,1.1,1,19/9/2013,XKL,KULBK+
7.90E+11,47810,2.7,1,19/9/2013,XKL,980982
6.77E+11,47100,1.4,1,19/9/2013,XKL,965936
6.77E+11,40150,2.5,1,19/9/2013,XKL,RAWANG
7.90E+11,47301,3.2,1,19/9/2013,XKL,970972
7.76E+11,50470,0.5,1,19/9/2017,KUL,850
4.59E+11,73200,0.5,1,19/9/2017,SZB,
4.89E+11,46200,3.6,1,19/9/2017,XKL,RAWANG
7.76E+11,84150,0.2,1,19/9/2013,MUR,
7.76E+11,59200,0.5,1,19/9/2013,KUL,853+
7.76E+11,46100,0.5,1,19/9/2013,KUL,865
7.76E+11,42100,11.3,2,19/9/2013,XKL,KAPAR+
6.12E+11,47200,5.9,1,19/9/2013,XKL,RAWANG
7.90E+11,47300,0.5,1,19/9/2013,XKL,MKZAC8
1.18E+11,40150,0.5,1,19/9/2013,XKL,920922
7.90E+11,50480,0.5,1,19/9/2013,KUL,859
4.86E+11,62618,0.6,1,19/9/2013,XKL,969938
7.90E+11,46150,1.8,1,19/9/2013,XKL,930932
1.21E+11,75350,4.6,1,19/9/2017,MKZ,
1.16E+11,75350,5.4,1,19/9/2013,MKZ,
7.76E+11,47630,0.1,1,19/9/2013,XKL,939934
7.76E+11,47200,15.4,1,19/9/2013,XKL,KULBK+
7.90E+11,42000,1.4,1,19/9/2013,XKL,995918
4.51E+11,55100,0.1,1,19/9/2013,KUL,825
7.90E+11,46100,2.2,1,19/9/2017,KUL,865
4.86E+11,48000,0.5,1,19/9/2013,XKL,RAWANG
7.76E+11,50400,0.5,1,19/9/2013,KUL,827
1.12E+11,40000,1.3,1,19/9/2013,XKL,911912
6.33E+11,40000,0.9,1,19/9/2013,XKL,927928
1.15E+11,40150,0.5,1,19/9/2017,XKL,920922
1.24E+11,47200,1.4,1,19/9/2013,XKL,KULBK+
4.32E+11,47200,40.8,1,19/9/2013,KUL,928
1.14E+11,47200,1.8,1,19/9/2013,XKL,KULBK+
7.76E+11,64000,2.7,1,19/9/2013,MKZ,
1.15E+11,52200,421.1,51,19/9/2013,KUL,844+
7.76E+11,47301,0.2,1,19/9/2013,XKL,970972
7.76E+11,81250,3.2,1,19/9/2013,JHB,
7.76E+11,42000,5,1,19/9/2013,XKL,KAPAR+
4.09E+11,81560,6.4,1,19/9/2018,JHB,
1.15E+11,52200,3.8,1,19/9/2013,KUL,844
1.21E+11,81560,1.4,1,19/9/2017,JHB,
7.90E+11,71807,0,1,19/9/2013,RDN,
4.95E+11,40150,0.9,1,19/9/2017,XKL,920922
7.90E+11,52200,0,1,19/9/2013,KUL,844
7.76E+11,50088,0.5,1,19/9/2013,KUL,827
7.76E+11,50088,0.5,1,19/9/2013,KUL,827
1.22E+11,47100,0.5,1,19/9/2013,XKL,965936
7.76E+11,86000,0.2,1,19/9/2013,KUD,
7.76E+11,47200,0.5,1,19/9/2013,XKL,RAWANG
1.15E+11,52200,289,65,19/9/2013,KUL,844
4.18E+11,40150,3.6,1,19/9/2013,XKL,RAWANG
1.10E+11,43650,0.9,1,19/9/2013,RDN,
7.90E+11,98000,0.5,1,19/9/2017,ODN,
7.76E+11,68000,2.3,1,19/9/2013,KUL,815
